iter	Logloss
0	0.6874613967
1	0.679629092422	0.673756836833	0.66739501444	0.6605985797
5	0.6549739704
6	0.6484386294
7	0.6437245609
8	0.6391588131
9	0.6332103923
10	0.6288988451
11	0.625414611
12	0.6214079772
13	0.6155054971
14	0.6115070079
15	0.606664471
16	0.6025981526
17	0.5993824358
18	0.5958550607
19	0.5921404236
20	0.5884052977
21	0.5846512101
22	0.580556831
23	0.57693872
24	0.5738615886
25	0.5705799515
26	0.5681640597
27	0.5655532066
28	0.5615152034
29	0.5586800557
30	0.5561160341
31	0.5537220309
32	0.5505547999
33	0.5476667759
34	0.546708322
35	0.5437545686
36	0.5419398501
37	0.5383144854
38	0.5371540072
39	0.5350056147
40	0.5329920216
41	0.5314038566
42	0.5300745053
43	0.5279506419
44	0.5264371145
45	0.5239026807
46	0.5211090513
47	0.5195917062
48	0.5178000216
49	0.5158679699
50	0.514762277
51	0.5124480018
52	0.5109702661
53	0.5095856842
54	0.5089305212
55	0.5080136493
56	0.5062239691
57	0.504553849
58	0.5033437079
59	0.5018860156
60	0.5000083991
61	0.4985930841
62	0.4969325085
63	0.4956027754
64	0.4950373621
65	0.4934281992
66	0.4928236855
67	0.4916130353
68	0.4895237866
69	0.488682634
70	0.488099977
71	0.4868799415
72	0.4859307775
73	0.4845656027
74	0.484004898
75	0.4831007838
76	0.481913963
77	0.4809786067
78	0.4800459228
79	0.4789811437
80	0.4784425503
81	0.4773693403
82	0.4765616251
83	0.4756552839
84	0.4751240079
85	0.473680664
86	0.4727829765
87	0.4716030913
88	0.4708823579
89	0.4698053937
90	0.4690166084
91	0.4683796434
92	0.4676858254
93	0.4668932223
94	0.466370059
95	0.46578912
96	0.465184829
97	0.4641527237
98	0.4636123168
99	0.4630048124
100	0.4620745465
101	0.461519123
102	0.4609364978
103	0.4604119029
104	0.4597042454
105	0.4591538169
106	0.4589113878
107	0.4582710823
108	0.4579749179
109	0.4575748463
110	0.4572632518
111	0.4567223995
112	0.4562538305
113	0.4558590083
114	0.4552012047
115	0.4548866832
116	0.4546261833
117	0.4542001189
118	0.4534729589
119	0.4530818273
120	0.4529017871
121	0.4526384556
122	0.4521360357
123	0.4516582404
124	0.4512403843
125	0.4508297501
126	0.4501882993
127	0.4491193207
128	0.4484850282
129	0.4481517995
130	0.4477707214
131	0.4474177675
132	0.4467410659
133	0.4462843002
134	0.4456494351
135	0.4451255401
136	0.4445666488
137	0.4440643879
138	0.4438908698
139	0.4435413837
140	0.4431728406
141	0.4429479733
142	0.4423564718
143	0.4420414412
144	0.4415110242
145	0.4411701918
146	0.4408480029
147	0.4404544852
148	0.440207602
149	0.439900207
150	0.4396601641
151	0.439253634
152	0.4389997834
153	0.4387081368
154	0.4380623591
155	0.4378538447
156	0.4375892724
157	0.4371922232
158	0.4370360124
159	0.4368334791
160	0.4365354377
161	0.4361851244
162	0.4360466344
163	0.4355054322
164	0.4350130975
165	0.4346615435
166	0.4344763175
167	0.4340510168
168	0.4338034018
169	0.4335610046
170	0.4332309892
171	0.4328685228
172	0.4324146841
173	0.4321595608
174	0.4318359403
175	0.4316255806
176	0.4314901766
177	0.4311831952
178	0.4310060183
179	0.4308075892
180	0.4306570414
181	0.4305662736
182	0.430374112
183	0.4300277756
184	0.4299941473
185	0.429807776
186	0.4296178732
187	0.4295541799
188	0.4294273341
189	0.4291361647
190	0.4288887725
191	0.4285546531
192	0.4282159523
193	0.4279809042
194	0.4279226194
195	0.4278075452
196	0.4276825128
197	0.4274185769
198	0.4268845012
199	0.42670497
200	0.4264914606
201	0.4261685718
202	0.4259906314
203	0.4257120289
204	0.4255284254
205	0.4253497215
206	0.4251381528
207	0.4246389461
208	0.4243035859
209	0.4241267908
210	0.4238507971
211	0.4236270433
212	0.4234289323
213	0.4231473391
214	0.4230057313
215	0.4228859802
216	0.422629998
217	0.4224218017
218	0.4221542389
219	0.4218437896
220	0.4215789629
221	0.4214282242
222	0.4213782749
223	0.4212055203
224	0.4210097318
225	0.4208087892
226	0.4206646044
227	0.420538904
228	0.420383043
229	0.420292498
230	0.4201984215
231	0.4199078566
232	0.4195372137
233	0.4192074847
234	0.419094033
235	0.4189401764
236	0.4186362174
237	0.4184882466
238	0.4183407212
239	0.4182277785
240	0.4181240621
241	0.4179412222
242	0.4177621365
243	0.4176177289
244	0.4173950568
245	0.4172212842
246	0.4171363067
247	0.4169755145
248	0.4167616234
249	0.4165971088
250	0.4163831858
251	0.416154978
252	0.4159189119
253	0.4158304984
254	0.4157149469
255	0.4155552682
256	0.4153086714
257	0.4151570737
258	0.4149895367
259	0.4148268356
260	0.4147433853
261	0.4146078859
262	0.4144616649
263	0.4143950446
264	0.4143576622
265	0.4141713227
266	0.4140676699
267	0.4139833924
268	0.4137920579
269	0.4136333337
270	0.413480877
271	0.413177777
272	0.4130292971
273	0.4129530052
274	0.4127830821
275	0.4126727164
276	0.4124873631
277	0.4123139086
278	0.4121138887
279	0.4119239859
280	0.4117223753
281	0.411610228
282	0.411405245
283	0.4113113912
284	0.4111946625
285	0.4110118545
286	0.4107803697
287	0.4106458884
288	0.4105792681
289	0.4103113235
290	0.4102235463
291	0.4100896695
292	0.40987721
293	0.4097750207
294	0.4097032464
295	0.4096193825
296	0.409454009
297	0.4092921351
298	0.409192491
299	0.409167739
300	0.4089728413
301	0.4089145247
302	0.4086918527
303	0.4085461407
304	0.4083767585
305	0.4082356915
306	0.4080416846
307	0.4080177598
308	0.4079180203
309	0.4078320884
310	0.4078081
311	0.4077861478
312	0.4076586339
313	0.4075700614
314	0.4073530842
315	0.407290218
316	0.4071559276
317	0.4069830457
318	0.4068788203
319	0.4068003013
320	0.4066187658
321	0.4064413026
322	0.4063263556
323	0.4061798801
324	0.4060016534
325	0.4059227207
326	0.4057956841
327	0.4056856047
328	0.4055589817
329	0.4054041388
330	0.4053551122
331	0.4052471008
332	0.4050560527
333	0.4049267571
334	0.4048053199
335	0.4046360331
336	0.404457011
337	0.404153052
338	0.4040036814
339	0.4037916991
340	0.403617481
341	0.4034738052
342	0.4033933773
343	0.4033370332
344	0.4032757896
345	0.4031273098
346	0.402935848
347	0.4028013349
348	0.402637743
349	0.4024821684
350	0.4024252199
351	0.4022594645
352	0.4021655153
353	0.401932408
354	0.4016991416
355	0.4016802754
356	0.4015368859
357	0.4014632027
358	0.4012804901
359	0.4012182284
360	0.4010864514
361	0.4010387927
362	0.4009271226
363	0.4007765112
364	0.4006218274
365	0.4004586173
366	0.4003469472
367	0.4002404947
368	0.4002100798
369	0.4001444139
370	0.4001385282
371	0.400046297
372	0.3998391823
373	0.3996897799
374	0.399631845
375	0.3995078626
376	0.3993682909
377	0.3992675969
378	0.3992042218
379	0.3991271344
380	0.3990045518
381	0.3989486213
382	0.3987077193
383	0.3985061723
384	0.398405033
385	0.3983976519
386	0.39829454
387	0.3981111593
388	0.3980478796
389	0.3980149512
390	0.397835261
391	0.3977452886
392	0.3975855781
393	0.3974935378
394	0.3974203
395	0.3973023306
396	0.3972130899
397	0.3971517191
398	0.397120636
399	0.3969320058
400	0.3969222705
401	0.3968639221
402	0.3967600784
403	0.3965189856
404	0.3964975742
405	0.3964350262
406	0.3963588933
407	0.3962880735
408	0.396189002
409	0.3961151598
410	0.396010648
411	0.3959136128
412	0.3957975841
413	0.3957063709
414	0.3956851186
415	0.3955747211
0.4051277057
4038222536
